TIME_STAMPE,EPX_TRAJ_FRONTEND,EXP_TRAJ_OPT,GENERATE_EXP_TRAJ,BACK_TRAJ_FRONTEND,BACK_TRAJ_OPT,GENERATE_BACK_TRAJ,TOTAL_REPLAN,VISUALIZATION
18.1153, 0.00304344, 0.0450915, 0, 0, 0, 0, 0.0486454, 0.000181638
18.1827, 0.00295646, 0.0460012, 0, 0, 0, 0, 0.0493273, 0.000115159
18.307, 0.00295732, 0.0370666, 0, 0, 0, 0, 0.040353, 9.8169e-05
18.3846, 0.00322066, 0.0476102, 0, 0, 0, 0, 0.0512381, 0.000128069
18.5083, 0.00269247, 0.0385933, 0, 0, 0, 0, 0.0416283, 0.000102209
18.5783, 0.002449, 0.0420908, 0, 0, 0, 0, 0.0449977, 0.000116549
18.7087, 0.00263156, 0.0390932, 0, 0, 0, 0, 0.0420447, 8.941e-05
18.7668, 0.00252103, 0.0303854, 0, 0, 0, 0, 0.0332829, 9.89e-05
18.9065, 0.003044, 0.0364544, 0, 0, 0, 0, 0.0398207, 9.4819e-05
19.0842, 0.00277445, 0.147927, 0, 0, 0, 0, 0.150896, 2.115e-05
19.2106, 0.00426403, 0.121898, 0, 0, 0, 0, 0.126361, 2.194e-05
19.3475, 0.00287693, 0.133791, 0, 0, 0, 0, 0.136801, 1.7e-05
19.3905, 0.00264946, 0.0400693, 0, 0, 0, 0, 0.0430239, 9.693e-05
19.5286, 0.00305778, 0.111069, 0, 0, 0, 0, 0.114328, 2.1819e-05
19.5685, 0.00257944, 0.037056, 0, 0, 0, 0, 0.0399434, 0.000101899
19.6039, 0.00261146, 0.0323853, 0, 0, 0, 0, 0.0353207, 9.3219e-05
19.7556, 0.00280446, 0.13844, 0, 0, 0, 0, 0.141407, 1.909e-05
19.7976, 0.0024387, 0.0392912, 0, 0, 0, 0, 0.0419741, 7.8059e-05
19.8647, 0.00286776, 0.0391196, 0, 0, 0, 0, 0.0423238, 9.8348e-05
19.9256, 0.00252013, 0.0337468, 0, 0, 0, 0, 0.0365803, 7.5569e-05
20.0769, 0.00308193, 0.117915, 0, 0, 0, 0, 0.121174, 2.417e-05
20.1162, 0.00243537, 0.0365836, 0, 0, 0, 0, 0.0393159, 9.1419e-05
20.2511, 0.00254667, 0.132123, 0, 0, 0, 0, 0.134878, 1.489e-05
20.2894, 0.00238552, 0.0354533, 0, 0, 0, 0, 0.0382004, 0.00011762
20.3621, 0.00344832, 0.0404696, 0, 0, 0, 0, 0.0442517, 8.652e-05
20.4106, 0.00316354, 0.0225048, 0, 0, 0, 0, 0.0260138, 9.8789e-05
20.6096, 0.00210484, 0.156122, 0, 0, 0, 0, 0.15839, 2.401e-05
20.6509, 0.00308055, 0.037871, 0, 0, 0, 0, 0.0412282, 8.5379e-05
20.813, 0.00250861, 0.133956, 0, 0, 0, 0, 0.13664, 3.2079e-05
20.8543, 0.00347848, 0.0374995, 0, 0, 0, 0, 0.041285, 8.5239e-05
20.9207, 0.00260979, 0.0380908, 0, 0, 0, 0, 0.0410376, 8.4278e-05
21.0959, 0.00377187, 0.145567, 0, 0, 0, 0, 0.149527, 2.8739e-05
21.1335, 0.0032868, 0.0339819, 0, 0, 0, 0, 0.037576, 8.2849e-05
21.1932, 0.00304924, 0.0271295, 0, 0, 0, 0, 0.0305518, 8.8729e-05
21.266, 0.00380121, 0.0324986, 0, 0, 0, 0, 0.0366406, 9.4859e-05
21.4276, 0.00282601, 0.128655, 0, 0, 0, 0, 0.131623, 1.968e-05
21.4718, 0.00343706, 0.0404506, 0, 0, 0, 0, 0.0441761, 8.276e-05
21.5024, 0.00262662, 0.0275832, 0, 0, 0, 0, 0.0305234, 8.809e-05
21.6333, 0.0033318, 0.127378, 0, 0, 0, 0, 0.130869, 1.77e-05
21.6772, 0.00303044, 0.0405551, 0, 0, 0, 0, 0.0438567, 8.6368e-05
21.808, 0.00256903, 0.0383782, 0, 0, 0, 0, 0.0412709, 7.914e-05
21.8675, 0.00348552, 0.0302029, 0, 0, 0, 0, 0.0341516, 0.00015777
22.0091, 0.00360062, 0.0384283, 0, 0, 0, 0, 0.0423514, 8.2639e-05
22.0552, 0.00267733, 0.0188517, 0, 0, 0, 0, 0.0218955, 9.247e-05
22.1989, 0.00243531, 0.0293699, 0, 0, 0, 0, 0.0322242, 0.00010664
22.2556, 0.00247346, 0.0194796, 0, 0, 0, 0, 0.022291, 8.637e-05
22.3732, 0.00220007, 0.0040197, 0, 0, 0, 0, 0.00654323, 6.8839e-05
22.4408, 0.00229617, 0.00483836, 0, 0, 0, 0, 0.00744137, 6.053e-05
22.5074, 0.00216494, 0.00493352, 0, 0, 0, 0, 0.0074096, 7.0248e-05
22.5741, 0.00217127, 0.00495049, 0, 0, 0, 0, 0.00741617, 6.718e-05
22.641, 0.00218555, 0.0051271, 0, 0, 0, 0, 0.00762909, 6.417e-05
22.775, 0.0024604, 0.00551606, 0, 0, 0, 0, 0.00831523, 9.0859e-05
22.8415, 0.00216974, 0.00570111, 0, 0, 0, 0, 0.00819882, 7.411e-05
22.9742, 0.00212437, 0.00518166, 0, 0, 0, 0, 0.00752898, 2.641e-05
23.0417, 0.00232317, 0.00585386, 0, 0, 0, 0, 0.00840882, 3.696e-05
23.1758, 0.00251787, 0.00628975, 0, 0, 0, 0, 0.0090826, 5.7798e-05
23.441, 0.00219537, 0.00515066, 0, 0, 0, 0, 0.00762132, 4.5009e-05
26.7761, 0.00343619, 0.00563582, 0, 0, 0, 0, 0.00939485, 5.732e-05
27.5927, 0.002617, 0.023053, 0, 0, 0, 0, 0.0259769, 7.371e-05
27.6623, 0.0030635, 0.0255479, 0, 0, 0, 0, 0.0289679, 9.8379e-05
27.79, 0.00288994, 0.020093, 0, 0, 0, 0, 0.0233271, 0.000107229
27.8526, 0.00320936, 0.0157701, 0, 0, 0, 0, 0.0192984, 8.816e-05
27.9887, 0.00305934, 0.0185712, 0, 0, 0, 0, 0.0220052, 0.000108919
28.0567, 0.00392087, 0.0191013, 0, 0, 0, 0, 0.0233623, 8.8879e-05
28.1859, 0.00291696, 0.0159421, 0, 0, 0, 0, 0.019171, 7.681e-05
28.2531, 0.00292103, 0.0164673, 0, 0, 0, 0, 0.0197271, 9.075e-05
28.4621, 0.0027963, 0.0924178, 0, 0, 0, 0, 0.0954405, 1.894e-05
28.4927, 0.00365607, 0.0265595, 0, 0, 0, 0, 0.0305576, 8.8578e-05
28.6615, 0.00289458, 0.0917559, 0, 0, 0, 0, 0.0948208, 1.793e-05
28.6844, 0.00272425, 0.019836, 0, 0, 0, 0, 0.0228518, 8.161e-05
28.8506, 0.00358398, 0.0801238, 0, 0, 0, 0, 0.0839082, 2.3969e-05
28.9294, 0.00282689, 0.0757353, 0, 0, 0, 0, 0.0787151, 2.7749e-05
29.0174, 0.00300077, 0.0848242, 0, 0, 0, 0, 0.0879671, 2.15e-05
29.1012, 0.00280261, 0.0809119, 0, 0, 0, 0, 0.0838547, 1.976e-05
29.1215, 0.00290048, 0.0170296, 0, 0, 0, 0, 0.0202373, 8.303e-05
29.2024, 0.00436311, 0.0296834, 0, 0, 0, 0, 0.0344112, 8.093e-05
29.2786, 0.00287261, 0.0407528, 0, 0, 0, 0, 0.0439722, 9.057e-05
29.3352, 0.00291092, 0.0306089, 0, 0, 0, 0, 0.0338984, 9.643e-05
29.5034, 0.00329741, 0.131897, 0, 0, 0, 0, 0.135418, 3.065e-05
29.5236, 0.00276797, 0.0170839, 0, 0, 0, 0, 0.0201372, 8.54e-05
29.6144, 0.00395194, 0.0398442, 0, 0, 0, 0, 0.0442513, 8.925e-05
29.7311, 0.00281867, 0.0912527, 0, 0, 0, 0, 0.0942845, 2.29e-05
29.7698, 0.00291269, 0.0353749, 0, 0, 0, 0, 0.038654, 0.00010739
29.8798, 0.00296184, 0.106572, 0, 0, 0, 0, 0.1097, 2.376e-05
29.9074, 0.00305393, 0.0242252, 0, 0, 0, 0, 0.0275982, 8.2258e-05
30.0303, 0.00274196, 0.119885, 0, 0, 0, 0, 0.122774, 1.828e-05
30.0767, 0.00328405, 0.0428537, 0, 0, 0, 0, 0.0464345, 8.4199e-05
30.1813, 0.00333456, 0.101072, 0, 0, 0, 0, 0.104565, 1.477e-05
30.2095, 0.00405433, 0.023809, 0, 0, 0, 0, 0.0281429, 7.501e-05
30.3914, 0.00377414, 0.139299, 0, 0, 0, 0, 0.143337, 1.769e-05
30.4529, 0.005888, 0.0545655, 0, 0, 0, 0, 0.0614409, 9.8559e-05
30.4887, 0.0047035, 0.0254184, 0, 0, 0, 0, 0.0305422, 0.000101949
30.5494, 0.00291434, 0.0212812, 0, 0, 0, 0, 0.024566, 9.6339e-05
30.6916, 0.00344152, 0.0965276, 0, 0, 0, 0, 0.100102, 1.866e-05
30.716, 0.00274305, 0.0213294, 0, 0, 0, 0, 0.0243437, 7.6969e-05
30.8275, 0.00260126, 0.0998624, 0, 0, 0, 0, 0.102683, 2.258e-05
30.937, 0.00314486, 0.10612, 0, 0, 0, 0, 0.109417, 1.728e-05
30.9744, 0.00296403, 0.034115, 0, 0, 0, 0, 0.0373735, 9.5599e-05
31.1377, 0.00329632, 0.130426, 0, 0, 0, 0, 0.133946, 2.845e-05
31.1717, 0.00420968, 0.0294645, 0, 0, 0, 0, 0.0339877, 0.000100779
31.236, 0.00394313, 0.0272621, 0, 0, 0, 0, 0.031546, 0.000101409
31.3856, 0.00338772, 0.110898, 0, 0, 0, 0, 0.114471, 2.361e-05
31.4138, 0.00396055, 0.0238726, 0, 0, 0, 0, 0.02819, 0.00011728
31.5419, 0.0041432, 0.123741, 0, 0, 0, 0, 0.128076, 2.609e-05
31.5694, 0.00351099, 0.023544, 0, 0, 0, 0, 0.0274495, 0.000124599
31.6296, 0.00334146, 0.017263, 0, 0, 0, 0, 0.0209448, 0.00010738
31.7082, 0.00297146, 0.0295927, 0, 0, 0, 0, 0.032869, 8.14e-05
31.7714, 0.00307366, 0.0260364, 0, 0, 0, 0, 0.0294627, 9.3749e-05
31.8338, 0.00295244, 0.0218747, 0, 0, 0, 0, 0.0251189, 8.101e-05
31.8976, 0.00323227, 0.018738, 0, 0, 0, 0, 0.0222989, 8.702e-05
31.968, 0.00307958, 0.0225956, 0, 0, 0, 0, 0.0260381, 8.0359e-05
32.0275, 0.00310851, 0.0154105, 0, 0, 0, 0, 0.0188361, 8.6129e-05
32.0958, 0.00345073, 0.0167736, 0, 0, 0, 0, 0.0205347, 8.547e-05
32.1797, 0.00300114, 0.0343875, 0, 0, 0, 0, 0.0377353, 9.1019e-05
32.2266, 0.00272174, 0.0149121, 0, 0, 0, 0, 0.0179523, 7.2339e-05
32.299, 0.00293423, 0.0203501, 0, 0, 0, 0, 0.0236441, 9.8869e-05
32.3688, 0.00292809, 0.0235915, 0, 0, 0, 0, 0.026837, 7.6808e-05
32.4469, 0.00262781, 0.0353685, 0, 0, 0, 0, 0.0382879, 7.052e-05
32.5189, 0.00274142, 0.0404755, 0, 0, 0, 0, 0.0436077, 8.668e-05
32.5878, 0.00385459, 0.0416576, 0, 0, 0, 0, 0.0458583, 0.000111879
32.6564, 0.00374472, 0.043708, 0, 0, 0, 0, 0.0477926, 9.3189e-05
32.7224, 0.00310601, 0.0436263, 0, 0, 0, 0, 0.0471092, 8.9239e-05
32.7877, 0.00377846, 0.0415992, 0, 0, 0, 0, 0.0457143, 8.278e-05
32.8339, 0.00350484, 0.0213534, 0, 0, 0, 0, 0.0252312, 0.000121729
32.9165, 0.00313195, 0.0376146, 0, 0, 0, 0, 0.0411809, 0.00010613
32.9825, 0.00312465, 0.0370663, 0, 0, 0, 0, 0.0405411, 9.0048e-05
33.0251, 0.00311288, 0.0130154, 0, 0, 0, 0, 0.0164848, 9.523e-05
33.1102, 0.00330661, 0.0311595, 0, 0, 0, 0, 0.034824, 8.618e-05
33.1715, 0.00355911, 0.0254082, 0, 0, 0, 0, 0.0294934, 0.000118649
33.2285, 0.00294662, 0.0165569, 0, 0, 0, 0, 0.0198874, 0.000132789
33.2967, 0.00392304, 0.0170501, 0, 0, 0, 0, 0.0213689, 0.000111019
33.3645, 0.00307301, 0.019041, 0, 0, 0, 0, 0.022541, 0.000114008
33.4317, 0.00277402, 0.0199056, 0, 0, 0, 0, 0.023051, 9.231e-05
33.5096, 0.0030242, 0.030841, 0, 0, 0, 0, 0.0342644, 9.444e-05
33.5703, 0.00301597, 0.0249049, 0, 0, 0, 0, 0.0283416, 8.7939e-05
33.6372, 0.00266358, 0.0255472, 0, 0, 0, 0, 0.0285117, 8.3e-05
33.7015, 0.00422945, 0.0215971, 0, 0, 0, 0, 0.0261734, 8.35e-05
33.7699, 0.00332709, 0.0242274, 0, 0, 0, 0, 0.0279054, 8.556e-05
33.8377, 0.00298729, 0.0256952, 0, 0, 0, 0, 0.0290409, 8.9859e-05
33.8993, 0.00284504, 0.0208537, 0, 0, 0, 0, 0.0240179, 8.2419e-05
33.9665, 0.00297362, 0.0211827, 0, 0, 0, 0, 0.0245504, 8.8249e-05
34.0498, 0.00336366, 0.0375176, 0, 0, 0, 0, 0.0411883, 7.0779e-05
34.0885, 0.00271401, 0.010147, 0, 0, 0, 0, 0.0131893, 8.3289e-05
34.1578, 0.00272162, 0.0127561, 0, 0, 0, 0, 0.0157967, 7.5489e-05
34.224, 0.0027013, 0.0123041, 0, 0, 0, 0, 0.015322, 8.2469e-05
34.283, 0.0026409, 0.00472353, 0, 0, 0, 0, 0.00764739, 6.401e-05
34.3544, 0.00274411, 0.00937771, 0, 0, 0, 0, 0.0124296, 7.134e-05
34.4162, 0.00305803, 0.00414557, 0, 0, 0, 0, 0.00751468, 6.268e-05
34.4906, 0.00260661, 0.0124131, 0, 0, 0, 0, 0.0152849, 6.118e-05
34.5491, 0.00246339, 0.00437852, 0, 0, 0, 0, 0.0071224, 5.525e-05
34.6246, 0.00249656, 0.0131342, 0, 0, 0, 0, 0.0159959, 0.00010555
34.6829, 0.00253287, 0.00475112, 0, 0, 0, 0, 0.00758403, 6.4809e-05
34.7498, 0.0024034, 0.00515523, 0, 0, 0, 0, 0.00783992, 6.76e-05
34.8166, 0.0023482, 0.00536017, 0, 0, 0, 0, 0.00799109, 6.9469e-05
34.8834, 0.00257934, 0.00517039, 0, 0, 0, 0, 0.00809705, 6.762e-05
34.9498, 0.00259831, 0.0050174, 0, 0, 0, 0, 0.00785144, 2.921e-05
35.0176, 0.00278585, 0.00594931, 0, 0, 0, 0, 0.00897659, 2.579e-05
35.0847, 0.00246217, 0.00659292, 0, 0, 0, 0, 0.00941817, 7.1199e-05
35.1517, 0.00262837, 0.00680841, 0, 0, 0, 0, 0.00972559, 4.606e-05
35.2179, 0.0027032, 0.00629193, 0, 0, 0, 0, 0.00926444, 3.7139e-05
35.2851, 0.0032305, 0.00633381, 0, 0, 0, 0, 0.00979487, 3.4439e-05
35.3515, 0.00266011, 0.00655582, 0, 0, 0, 0, 0.00951746, 2.334e-05
35.4252, 0.00295623, 0.013318, 0, 0, 0, 0, 0.0165512, 7.8079e-05
35.7577, 0.00295503, 0.0124931, 0, 0, 0, 0, 0.0157299, 6.1169e-05
39.0173, 0.00299, 0.00536613, 0, 0, 0, 0, 0.00868377, 5.6178e-05
41.4638, 0.00395607, 0.0506986, 0, 0, 0, 0, 0.0551203, 0.00012375
41.5283, 0.00379178, 0.0488687, 0, 0, 0, 0, 0.0530132, 9.9009e-05
41.5714, 0.00351861, 0.0255762, 0, 0, 0, 0, 0.0294712, 9.6339e-05
41.6504, 0.0032671, 0.0381424, 0, 0, 0, 0, 0.0417441, 9.525e-05
41.7176, 0.00357264, 0.0383542, 0, 0, 0, 0, 0.0423176, 9.5178e-05
41.7839, 0.00342501, 0.0381703, 0, 0, 0, 0, 0.0419271, 8.711e-05
41.8443, 0.00300063, 0.0323406, 0, 0, 0, 0, 0.0356827, 9.549e-05
41.9197, 0.00406594, 0.0399609, 0, 0, 0, 0, 0.0444527, 9.754e-05
41.9667, 0.00355153, 0.0208217, 0, 0, 0, 0, 0.0246955, 7.337e-05
42.0258, 0.00299619, 0.0138001, 0, 0, 0, 0, 0.0171106, 7.778e-05
42.1007, 0.00356963, 0.0215249, 0, 0, 0, 0, 0.0254099, 8.924e-05
42.1689, 0.00270985, 0.0238666, 0, 0, 0, 0, 0.0269233, 9.255e-05
42.2432, 0.00268652, 0.0315211, 0, 0, 0, 0, 0.0345392, 9.4999e-05
42.3184, 0.0028072, 0.0399589, 0, 0, 0, 0, 0.0431016, 7.8769e-05
42.3637, 0.0030137, 0.0183593, 0, 0, 0, 0, 0.0217358, 0.0001038
42.4465, 0.00293023, 0.0346733, 0, 0, 0, 0, 0.0378994, 7.349e-05
42.5769, 0.00307428, 0.0983803, 0, 0, 0, 0, 0.101646, 1.938e-05
42.6033, 0.00251859, 0.0235151, 0, 0, 0, 0, 0.0263194, 7.3169e-05
42.6816, 0.00250203, 0.0702766, 0, 0, 0, 0, 0.0729358, 1.772e-05
42.7195, 0.00268141, 0.0348667, 0, 0, 0, 0, 0.037859, 9.7189e-05
42.765, 0.00296739, 0.0197339, 0, 0, 0, 0, 0.0230414, 9.226e-05
42.8436, 0.00303075, 0.0316452, 0, 0, 0, 0, 0.0349999, 7.9209e-05
42.9616, 0.00306919, 0.0829766, 0, 0, 0, 0, 0.0863013, 2.273e-05
42.9821, 0.00275087, 0.0174009, 0, 0, 0, 0, 0.0204444, 9.844e-05
43.1277, 0.00354649, 0.115335, 0, 0, 0, 0, 0.119076, 1.815e-05
43.1542, 0.00266275, 0.0234838, 0, 0, 0, 0, 0.0264457, 9.8939e-05
43.1864, 0.00310555, 0.0286844, 0, 0, 0, 0, 0.03211, 7.931e-05
43.3282, 0.0025939, 0.11677, 0, 0, 0, 0, 0.119549, 2.119e-05
43.4413, 0.0028743, 0.110072, 0, 0, 0, 0, 0.113094, 1.954e-05
43.549, 0.00272412, 0.104809, 0, 0, 0, 0, 0.10765, 1.865e-05
43.5906, 0.00317442, 0.0380821, 0, 0, 0, 0, 0.0415491, 9.349e-05
43.6182, 0.00337245, 0.0238842, 0, 0, 0, 0, 0.0275839, 9.32e-05
43.7452, 0.00276543, 0.100851, 0, 0, 0, 0, 0.103817, 2.636e-05
43.8565, 0.00301555, 0.108078, 0, 0, 0, 0, 0.111216, 3.894e-05
43.906, 0.00304777, 0.0461075, 0, 0, 0, 0, 0.049455, 8.1329e-05
43.966, 0.00317891, 0.0392117, 0, 0, 0, 0, 0.0427811, 9.2489e-05
44.0329, 0.00305522, 0.0396128, 0, 0, 0, 0, 0.0429764, 7.7089e-05
44.1058, 0.00382578, 0.045086, 0, 0, 0, 0, 0.0492366, 7.8999e-05
44.2397, 0.00353393, 0.112724, 0, 0, 0, 0, 0.116449, 1.973e-05
44.2806, 0.00322433, 0.0373729, 0, 0, 0, 0, 0.040918, 9.371e-05
44.3946, 0.00344748, 0.11034, 0, 0, 0, 0, 0.113935, 1.655e-05
44.4394, 0.00323327, 0.0411635, 0, 0, 0, 0, 0.0446871, 7.7759e-05
44.6088, 0.00384794, 0.143443, 0, 0, 0, 0, 0.147436, 1.6819e-05
44.6424, 0.00299123, 0.0301843, 0, 0, 0, 0, 0.0334986, 8.2229e-05
44.8529, 0.00367126, 0.17344, 0, 0, 0, 0, 0.177315, 2.269e-05
44.8779, 0.00447987, 0.0201927, 0, 0, 0, 0, 0.024979, 9.682e-05
44.9579, 0.00377234, 0.0340934, 0, 0, 0, 0, 0.038199, 9.4049e-05
45.026, 0.00370662, 0.0355622, 0, 0, 0, 0, 0.0396692, 9.9329e-05
45.0835, 0.00386097, 0.0263224, 0, 0, 0, 0, 0.0305264, 8.0279e-05
45.2417, 0.00396973, 0.117882, 0, 0, 0, 0, 0.122008, 2.136e-05
45.3512, 0.00333461, 0.105949, 0, 0, 0, 0, 0.109474, 2.033e-05
45.3917, 0.00386112, 0.036285, 0, 0, 0, 0, 0.040469, 9.92e-05
45.4714, 0.00396088, 0.0491412, 0, 0, 0, 0, 0.0534333, 9.0179e-05
45.6082, 0.00355377, 0.119825, 0, 0, 0, 0, 0.123554, 2.103e-05
45.7266, 0.00289505, 0.115374, 0, 0, 0, 0, 0.118397, 2.2549e-05
45.7684, 0.00299564, 0.038425, 0, 0, 0, 0, 0.0417424, 9.0909e-05
45.8337, 0.00246951, 0.0375602, 0, 0, 0, 0, 0.0403985, 9.3239e-05
45.96, 0.00245388, 0.0305196, 0, 0, 0, 0, 0.0333008, 8.868e-05
46.0347, 0.00272182, 0.0381898, 0, 0, 0, 0, 0.0413303, 0.000101959
46.1895, 0.0021831, 0.127125, 0, 0, 0, 0, 0.129495, 1.985e-05
46.2331, 0.00216977, 0.0411599, 0, 0, 0, 0, 0.0435949, 8.493e-05
46.4219, 0.00202698, 0.186557, 0, 0, 0, 0, 0.188715, 2.041e-05
46.4519, 0.00297058, 0.0267129, 0, 0, 0, 0, 0.0299864, 9.152e-05
46.5077, 0.0022831, 0.0164825, 0, 0, 0, 0, 0.019068, 7.6319e-05
46.6975, 0.0017134, 0.14036, 0, 0, 0, 0, 0.142235, 2.003e-05
46.7385, 0.00230086, 0.038204, 0, 0, 0, 0, 0.0408225, 7.771e-05
46.8028, 0.00236462, 0.035805, 0, 0, 0, 0, 0.0385182, 8.96e-05
46.995, 0.00241144, 0.161444, 0, 0, 0, 0, 0.164036, 3.4389e-05
47.0369, 0.0017698, 0.0397505, 0, 0, 0, 0, 0.0418468, 8.615e-05
47.2077, 0.00169113, 0.14409, 0, 0, 0, 0, 0.145954, 2.668e-05
47.3663, 0.00155743, 0.15681, 0, 0, 0, 0, 0.158507, 1.599e-05
47.406, 0.00213832, 0.0372354, 0, 0, 0, 0, 0.039691, 9.324e-05
47.4618, 0.002402, 0.0260895, 0, 0, 0, 0, 0.0288167, 9.899e-05
47.6737, 0.0030732, 0.170754, 0, 0, 0, 0, 0.174001, 2.098e-05
47.7059, 0.00223487, 0.0296814, 0, 0, 0, 0, 0.032212, 8.8709e-05
47.7802, 0.00239679, 0.0369972, 0, 0, 0, 0, 0.0397982, 0.000116379
47.8517, 0.00177608, 0.0424738, 0, 0, 0, 0, 0.0446007, 9.873e-05
47.9074, 0.0023469, 0.030924, 0, 0, 0, 0, 0.0336279, 9.139e-05
47.9817, 0.00200446, 0.0389031, 0, 0, 0, 0, 0.0412602, 8.8659e-05
48.0471, 0.00228982, 0.0373158, 0, 0, 0, 0, 0.0399908, 7.8949e-05
48.1238, 0.00368836, 0.0459511, 0, 0, 0, 0, 0.0499891, 8.4609e-05
48.1817, 0.00295789, 0.0379675, 0, 0, 0, 0, 0.0412921, 8.8919e-05
48.2375, 0.00406983, 0.0259857, 0, 0, 0, 0, 0.0303821, 8.3029e-05
48.375, 0.00462517, 0.096412, 0, 0, 0, 0, 0.101238, 2.436e-05
48.4202, 0.0038445, 0.0410745, 0, 0, 0, 0, 0.0451827, 8.4959e-05
48.4572, 0.00446622, 0.0321107, 0, 0, 0, 0, 0.0369276, 0.0001009
48.5739, 0.00265583, 0.097305, 0, 0, 0, 0, 0.10012, 1.64e-05
48.7099, 0.0031454, 0.13265, 0, 0, 0, 0, 0.135956, 2.151e-05
48.7509, 0.002558, 0.0380575, 0, 0, 0, 0, 0.0409401, 9.2819e-05
48.8113, 0.00279045, 0.0315675, 0, 0, 0, 0, 0.0346841, 7.9639e-05
49.0672, 0.0044705, 0.219158, 0, 0, 0, 0, 0.223842, 2.771e-05
49.1107, 0.00493122, 0.0381921, 0, 0, 0, 0, 0.043469, 8.6819e-05
49.1699, 0.00504042, 0.0305788, 0, 0, 0, 0, 0.0359684, 9.7559e-05
49.2456, 0.00354822, 0.0410962, 0, 0, 0, 0, 0.044986, 8.5118e-05
49.3143, 0.00342048, 0.0431893, 0, 0, 0, 0, 0.0469994, 0.00010649
49.3632, 0.00404666, 0.0247703, 0, 0, 0, 0, 0.0292114, 0.00010626
49.5224, 0.00276023, 0.118855, 0, 0, 0, 0, 0.121799, 2.169e-05
49.5587, 0.00283526, 0.0331239, 0, 0, 0, 0, 0.0362495, 7.766e-05
49.5984, 0.00283818, 0.0365092, 0, 0, 0, 0, 0.0396812, 8.999e-05
49.6076, 0.00257978, 0.00403512, 0, 0, 0, 0, 0.00695229, 6.63e-05
49.683, 0.00263377, 0.0127285, 0, 0, 0, 0, 0.0157261, 7.443e-05
49.7502, 0.00310825, 0.0127663, 0, 0, 0, 0, 0.0162138, 7.9479e-05
49.8163, 0.00246029, 0.0129135, 0, 0, 0, 0, 0.015716, 7.682e-05
49.8833, 0.00248033, 0.0132193, 0, 0, 0, 0, 0.0160263, 7.418e-05
49.9497, 0.00269818, 0.0127437, 0, 0, 0, 0, 0.0157484, 6.604e-05
50.016, 0.00245265, 0.0126385, 0, 0, 0, 0, 0.0153884, 6.083e-05
50.0823, 0.00230558, 0.0123533, 0, 0, 0, 0, 0.0150203, 5.7709e-05
50.1499, 0.00256004, 0.0131354, 0, 0, 0, 0, 0.0159887, 5.433e-05
50.2186, 0.00310798, 0.0146024, 0, 0, 0, 0, 0.0180194, 7.548e-05
50.2845, 0.00354906, 0.0133875, 0, 0, 0, 0, 0.0172713, 7.6299e-05
50.3423, 0.00261716, 0.0053828, 0, 0, 0, 0, 0.00831767, 6.935e-05
50.4174, 0.00302404, 0.0134517, 0, 0, 0, 0, 0.0167795, 5.2279e-05
50.4748, 0.0016623, 0.00552766, 0, 0, 0, 0, 0.00750111, 7.0129e-05
50.8156, 0.00167954, 0.013002, 0, 0, 0, 0, 0.014941, 4.95e-05
54.0747, 0.00166365, 0.00551303, 0, 0, 0, 0, 0.00745198, 4.543e-05
57.3432, 0.00185561, 0.00691444, 0, 0, 0, 0, 0.00927993, 6.701e-05
58.7683, 0.0035083, 0.0304477, 0, 0, 0, 0, 0.0342908, 3.8559e-05
58.8208, 0.00358668, 0.0164089, 0, 0, 0, 0, 0.020261, 3.9739e-05
58.896, 0.00391046, 0.0244558, 0, 0, 0, 0, 0.0287336, 0.00011556
58.9646, 0.00367493, 0.0265551, 0, 0, 0, 0, 0.0305953, 9.017e-05
59.0193, 0.00341247, 0.0149797, 0, 0, 0, 0, 0.0187138, 8.043e-05
59.0983, 0.00359933, 0.027104, 0, 0, 0, 0, 0.0310649, 0.000105889
59.1598, 0.00317242, 0.0223402, 0, 0, 0, 0, 0.0258584, 8.569e-05
59.2327, 0.00313293, 0.0286977, 0, 0, 0, 0, 0.0321318, 8.8339e-05
59.2981, 0.00401188, 0.0264764, 0, 0, 0, 0, 0.0308402, 9.3739e-05
59.3585, 0.0032994, 0.0208499, 0, 0, 0, 0, 0.0245071, 0.000104739
59.4172, 0.00284642, 0.0134288, 0, 0, 0, 0, 0.0165929, 8.083e-05
59.4891, 0.0034331, 0.0179618, 0, 0, 0, 0, 0.0217922, 7.015e-05
59.5575, 0.00275731, 0.0204332, 0, 0, 0, 0, 0.0235938, 0.00012155
59.6174, 0.00311562, 0.0133609, 0, 0, 0, 0, 0.0167973, 8.222e-05
59.6861, 0.00256268, 0.0159121, 0, 0, 0, 0, 0.0188106, 7.091e-05
59.7706, 0.00251515, 0.0336936, 0, 0, 0, 0, 0.0366829, 0.000115399
59.8807, 0.00240024, 0.0774668, 0, 0, 0, 0, 0.0800379, 1.992e-05
59.9467, 0.00276332, 0.0630776, 0, 0, 0, 0, 0.0660092, 2.417e-05
59.9681, 0.00295266, 0.0181246, 0, 0, 0, 0, 0.0213987, 8.014e-05
60.072, 0.00248144, 0.0686926, 0, 0, 0, 0, 0.0713362, 2.114e-05
60.0929, 0.00296096, 0.0176517, 0, 0, 0, 0, 0.0209162, 7.594e-05
60.1523, 0.00290751, 0.0151223, 0, 0, 0, 0, 0.0183646, 8.187e-05
60.306, 0.00281799, 0.102351, 0, 0, 0, 0, 0.105342, 2.78e-05
60.3344, 0.00213293, 0.02584, 0, 0, 0, 0, 0.0283483, 0.000105909
60.4605, 0.00238045, 0.123549, 0, 0, 0, 0, 0.126099, 3.081e-05
60.4967, 0.002891, 0.0330456, 0, 0, 0, 0, 0.0361753, 7.6219e-05
60.5857, 0.00299056, 0.0858254, 0, 0, 0, 0, 0.0889832, 2.15e-05
60.6067, 0.00291383, 0.0177349, 0, 0, 0, 0, 0.0209426, 9.318e-05
60.7175, 0.00291938, 0.107687, 0, 0, 0, 0, 0.110797, 3.192e-05
60.8438, 0.00276102, 0.123297, 0, 0, 0, 0, 0.12623, 1.798e-05
60.8732, 0.00284162, 0.0262283, 0, 0, 0, 0, 0.0293635, 8.2059e-05
60.9322, 0.00290119, 0.0184558, 0, 0, 0, 0, 0.0216772, 8.9069e-05
61.086, 0.00282917, 0.105848, 0, 0, 0, 0, 0.10885, 1.773e-05
61.1821, 0.0116228, 0.0840692, 0, 0, 0, 0, 0.0959781, 0.000133229
61.2232, 0.00291534, 0.0379008, 0, 0, 0, 0, 0.0411439, 9.318e-05
61.2934, 0.00375992, 0.0403992, 0, 0, 0, 0, 0.0445453, 9.3769e-05
61.3585, 0.00287688, 0.039634, 0, 0, 0, 0, 0.0429927, 8.3869e-05
61.544, 0.00303925, 0.158603, 0, 0, 0, 0, 0.161838, 1.7509e-05
61.5876, 0.00314846, 0.040103, 0, 0, 0, 0, 0.0435447, 7.9139e-05
61.6573, 0.00298084, 0.0431167, 0, 0, 0, 0, 0.04653, 8.915e-05
61.7272, 0.0028592, 0.0464955, 0, 0, 0, 0, 0.0497657, 0.000101839
61.7853, 0.00298223, 0.0378785, 0, 0, 0, 0, 0.0412031, 9.111e-05
61.9139, 0.00296984, 0.100065, 0, 0, 0, 0, 0.103219, 2.631e-05
61.9577, 0.00314622, 0.0402437, 0, 0, 0, 0, 0.043718, 9.7169e-05
61.9801, 0.0029513, 0.0190666, 0, 0, 0, 0, 0.0224035, 9.6229e-05
62.0783, 0.00289065, 0.0644912, 0, 0, 0, 0, 0.0675573, 1.615e-05
62.2076, 0.00308127, 0.126047, 0, 0, 0, 0, 0.129268, 2.111e-05
62.2544, 0.00286883, 0.0436191, 0, 0, 0, 0, 0.0467752, 7.625e-05
62.2877, 0.00286537, 0.0300232, 0, 0, 0, 0, 0.033183, 8.2219e-05
62.3987, 0.00285051, 0.108067, 0, 0, 0, 0, 0.111033, 1.212e-05
62.4335, 0.00307146, 0.0313391, 0, 0, 0, 0, 0.0347687, 0.00011029
62.5282, 0.00334965, 0.0910894, 0, 0, 0, 0, 0.0945925, 1.918e-05
62.5744, 0.00335518, 0.0424859, 0, 0, 0, 0, 0.0461856, 9.6509e-05
62.7071, 0.0029602, 0.129495, 0, 0, 0, 0, 0.132657, 1.939e-05
62.7519, 0.00310431, 0.041394, 0, 0, 0, 0, 0.0448373, 9.1499e-05
62.8879, 0.00300772, 0.110815, 0, 0, 0, 0, 0.114071, 3.4459e-05
62.9255, 0.00281406, 0.0344864, 0, 0, 0, 0, 0.0375532, 7.825e-05
62.9686, 0.00308532, 0.0395527, 0, 0, 0, 0, 0.0430363, 9.9479e-05
63.1189, 0.00302344, 0.14189, 0, 0, 0, 0, 0.145086, 1.947e-05
63.1659, 0.0029891, 0.0436705, 0, 0, 0, 0, 0.0469647, 8.334e-05
63.2267, 0.00299086, 0.0377502, 0, 0, 0, 0, 0.0410858, 9.893e-05
63.4256, 0.0029936, 0.170115, 0, 0, 0, 0, 0.173309, 2.154e-05
63.4676, 0.00343217, 0.0382664, 0, 0, 0, 0, 0.0419587, 6.3709e-05
63.5364, 0.00291713, 0.0408745, 0, 0, 0, 0, 0.0440978, 7.7059e-05
63.6886, 0.00311966, 0.126324, 0, 0, 0, 0, 0.129597, 1.939e-05
63.731, 0.00310028, 0.0388629, 0, 0, 0, 0, 0.0423299, 9.741e-05
63.7726, 0.00358415, 0.0375121, 0, 0, 0, 0, 0.0416085, 0.000139139
63.8926, 0.00343783, 0.116284, 0, 0, 0, 0, 0.119872, 1.741e-05
63.9322, 0.00310246, 0.0362746, 0, 0, 0, 0, 0.0396475, 7.261e-05
64.003, 0.00300625, 0.0401897, 0, 0, 0, 0, 0.0436643, 8.2649e-05
64.1417, 0.00309976, 0.112434, 0, 0, 0, 0, 0.115731, 1.9939e-05
64.1814, 0.00351107, 0.0358307, 0, 0, 0, 0, 0.0396231, 0.00010165
64.2864, 0.00301708, 0.101815, 0, 0, 0, 0, 0.10498, 1.664e-05
64.3292, 0.00294082, 0.0395643, 0, 0, 0, 0, 0.042778, 8.7029e-05
64.4506, 0.00345371, 0.117801, 0, 0, 0, 0, 0.121391, 1.847e-05
64.4747, 0.00325997, 0.0204751, 0, 0, 0, 0, 0.0240309, 8.671e-05
64.5573, 0.00305215, 0.0365477, 0, 0, 0, 0, 0.0399539, 0.000100909
64.6681, 0.0031662, 0.080733, 0, 0, 0, 0, 0.0841114, 1.806e-05
64.7099, 0.00343328, 0.0379844, 0, 0, 0, 0, 0.0417061, 7.6969e-05
64.8625, 0.00326957, 0.141662, 0, 0, 0, 0, 0.145165, 2.217e-05
64.8879, 0.00409629, 0.0209299, 0, 0, 0, 0, 0.0253563, 9.3528e-05
64.9703, 0.00342298, 0.0373665, 0, 0, 0, 0, 0.0410922, 7.6689e-05
65.0826, 0.00257409, 0.0839156, 0, 0, 0, 0, 0.0866674, 2.0449e-05
65.2145, 0.00357602, 0.128178, 0, 0, 0, 0, 0.131897, 2.271e-05
65.2554, 0.00276124, 0.0377991, 0, 0, 0, 0, 0.0408313, 8.089e-05
65.3961, 0.00325049, 0.11139, 0, 0, 0, 0, 0.114833, 2.052e-05
65.4381, 0.00301813, 0.0386266, 0, 0, 0, 0, 0.0419546, 9.526e-05
65.5793, 0.00295796, 0.138042, 0, 0, 0, 0, 0.141167, 2.017e-05
65.6197, 0.00309352, 0.0369445, 0, 0, 0, 0, 0.0403359, 8.5139e-05
65.8046, 0.00278259, 0.155573, 0, 0, 0, 0, 0.158521, 1.97e-05
65.8492, 0.00292637, 0.0412861, 0, 0, 0, 0, 0.0445528, 8.345e-05
65.9175, 0.00468481, 0.0410412, 0, 0, 0, 0, 0.0461784, 0.0001158
65.9754, 0.00350512, 0.0335819, 0, 0, 0, 0, 0.0374309, 8.7609e-05
66.1474, 0.00302938, 0.139545, 0, 0, 0, 0, 0.142773, 2.21e-05
66.1887, 0.00300219, 0.038001, 0, 0, 0, 0, 0.0412699, 8.443e-05
66.26, 0.00285926, 0.0425687, 0, 0, 0, 0, 0.0457742, 8.293e-05
66.3024, 0.0029853, 0.0181914, 0, 0, 0, 0, 0.0215173, 8.54e-05
66.4852, 0.0029811, 0.134616, 0, 0, 0, 0, 0.137758, 1.803e-05
66.5288, 0.00298544, 0.040263, 0, 0, 0, 0, 0.04352, 8.3019e-05
66.5967, 0.00328263, 0.0409871, 0, 0, 0, 0, 0.0446773, 0.000112389
66.6609, 0.00298647, 0.0389395, 0, 0, 0, 0, 0.0422216, 6.921e-05
66.7286, 0.0029852, 0.0399338, 0, 0, 0, 0, 0.0432273, 7.578e-05
66.8819, 0.00307901, 0.126693, 0, 0, 0, 0, 0.129942, 1.99e-05
67.0201, 0.00303977, 0.134919, 0, 0, 0, 0, 0.138136, 1.834e-05
67.0643, 0.00310754, 0.04078, 0, 0, 0, 0, 0.044174, 8.0869e-05
67.1273, 0.00284568, 0.0373292, 0, 0, 0, 0, 0.0404963, 7.823e-05
67.3126, 0.00356406, 0.15534, 0, 0, 0, 0, 0.159076, 1.901e-05
67.357, 0.00291246, 0.0412432, 0, 0, 0, 0, 0.0444301, 7.852e-05
67.5095, 0.00301073, 0.126966, 0, 0, 0, 0, 0.130167, 1.851e-05
67.5545, 0.00329506, 0.0413782, 0, 0, 0, 0, 0.0449796, 8.658e-05
67.5944, 0.00314212, 0.03643, 0, 0, 0, 0, 0.0398244, 6.9949e-05
67.7222, 0.00277205, 0.124918, 0, 0, 0, 0, 0.127846, 2.016e-05
67.7637, 0.00421228, 0.0368093, 0, 0, 0, 0, 0.0413951, 0.000100829
67.8316, 0.00270274, 0.0395946, 0, 0, 0, 0, 0.0426014, 8.6179e-05
67.9329, 0.00427241, 0.072686, 0, 0, 0, 0, 0.0772748, 0.00011237
67.9782, 0.00400518, 0.0408724, 0, 0, 0, 0, 0.0452724, 0.00010839
68.0326, 0.00304454, 0.0402493, 0, 0, 0, 0, 0.0436043, 7.2079e-05
68.1588, 0.00475272, 0.0981674, 0, 0, 0, 0, 0.103158, 1.939e-05
68.186, 0.00370537, 0.0231152, 0, 0, 0, 0, 0.0271416, 8.5539e-05
68.2803, 0.00362489, 0.0875067, 0, 0, 0, 0, 0.0912966, 1.692e-05
68.3815, 0.00375297, 0.0973215, 0, 0, 0, 0, 0.101217, 2.873e-05
68.4004, 0.00495794, 0.0135867, 0, 0, 0, 0, 0.0188403, 8.153e-05
68.5048, 0.00328746, 0.100953, 0, 0, 0, 0, 0.104389, 2.503e-05
68.5294, 0.00411308, 0.0201172, 0, 0, 0, 0, 0.0245444, 9.0489e-05
68.6506, 0.00313624, 0.117873, 0, 0, 0, 0, 0.121136, 1.7099e-05
68.6793, 0.0038609, 0.0244798, 0, 0, 0, 0, 0.0286814, 7.33e-05
68.826, 0.00355854, 0.142951, 0, 0, 0, 0, 0.146644, 2.309e-05
68.8662, 0.00390805, 0.0359844, 0, 0, 0, 0, 0.0402339, 0.000104499
68.9121, 0.00336304, 0.015608, 0, 0, 0, 0, 0.0193362, 0.00010998
69.0701, 0.00288752, 0.107542, 0, 0, 0, 0, 0.110709, 3.1049e-05
69.102, 0.00342303, 0.0280939, 0, 0, 0, 0, 0.0318463, 9.758e-05
69.2511, 0.00352453, 0.145351, 0, 0, 0, 0, 0.149042, 1.821e-05
69.2944, 0.00267238, 0.0403746, 0, 0, 0, 0, 0.0433312, 8.255e-05
69.3618, 0.00244564, 0.0412251, 0, 0, 0, 0, 0.044006, 8.0819e-05
69.4274, 0.00249974, 0.0400993, 0, 0, 0, 0, 0.0429304, 8.1918e-05
69.6351, 0.00236705, 0.181403, 0, 0, 0, 0, 0.183951, 2.6249e-05
69.677, 0.0031817, 0.0383459, 0, 0, 0, 0, 0.0418749, 8.6159e-05
69.7443, 0.00264828, 0.0394063, 0, 0, 0, 0, 0.0424175, 9.719e-05
69.9219, 0.0025167, 0.150661, 0, 0, 0, 0, 0.153348, 2.089e-05
69.9625, 0.00373532, 0.0365664, 0, 0, 0, 0, 0.040579, 7.241e-05
70.0286, 0.0028147, 0.0368758, 0, 0, 0, 0, 0.0400048, 7.331e-05
70.1866, 0.00229604, 0.128665, 0, 0, 0, 0, 0.131328, 1.842e-05
70.2293, 0.00308547, 0.0392386, 0, 0, 0, 0, 0.0426139, 7.4398e-05
70.2692, 0.0025912, 0.0369249, 0, 0, 0, 0, 0.0398344, 8.395e-05
70.4133, 0.00248727, 0.141439, 0, 0, 0, 0, 0.144104, 2.695e-05
70.4543, 0.00322041, 0.0374377, 0, 0, 0, 0, 0.04098, 8.236e-05
70.7488, 0.00248375, 0.199409, 0, 0, 0, 0, 0.20206, 2.0509e-05
70.7899, 0.00250494, 0.0382737, 0, 0, 0, 0, 0.0410993, 8.867e-05
70.858, 0.00277462, 0.039365, 0, 0, 0, 0, 0.0425348, 0.000104889
70.9225, 0.00238916, 0.0375945, 0, 0, 0, 0, 0.040314, 8.8399e-05
71.0747, 0.00225196, 0.123397, 0, 0, 0, 0, 0.125857, 2.223e-05
71.1141, 0.00239156, 0.0366412, 0, 0, 0, 0, 0.0393923, 8.5189e-05
71.1563, 0.00234532, 0.0395104, 0, 0, 0, 0, 0.042139, 8.5659e-05
71.1964, 0.00259101, 0.037075, 0, 0, 0, 0, 0.0399881, 7.939e-05
71.2963, 0.00234364, 0.0782933, 0, 0, 0, 0, 0.0808096, 1.854e-05
71.3362, 0.00289118, 0.0365125, 0, 0, 0, 0, 0.0398234, 0.000171479
71.4689, 0.00287885, 0.116951, 0, 0, 0, 0, 0.120021, 2.043e-05
71.5116, 0.00285067, 0.0395263, 0, 0, 0, 0, 0.0427122, 0.00011127
71.6217, 0.00291492, 0.106895, 0, 0, 0, 0, 0.109978, 1.648e-05
71.6665, 0.00359065, 0.0408088, 0, 0, 0, 0, 0.0447883, 0.00011558
71.7288, 0.00255695, 0.0375488, 0, 0, 0, 0, 0.0404465, 0.00010508
71.8767, 0.00238463, 0.119092, 0, 0, 0, 0, 0.121645, 2.446e-05
71.9186, 0.00320163, 0.0382938, 0, 0, 0, 0, 0.0418227, 0.00010536
71.9617, 0.00275602, 0.0399552, 0, 0, 0, 0, 0.0430781, 0.00010284
72.0974, 0.00355079, 0.131838, 0, 0, 0, 0, 0.135671, 0.000127529
72.2329, 0.00326252, 0.132019, 0, 0, 0, 0, 0.135469, 1.578e-05
72.2769, 0.0037067, 0.0398062, 0, 0, 0, 0, 0.0439691, 0.000115799
72.3447, 0.00294403, 0.0417278, 0, 0, 0, 0, 0.0450231, 0.000109119
72.5287, 0.00255765, 0.159671, 0, 0, 0, 0, 0.162411, 2.342e-05
72.5734, 0.00273704, 0.0415778, 0, 0, 0, 0, 0.0446347, 9.704e-05
72.6366, 0.00302899, 0.037589, 0, 0, 0, 0, 0.0410872, 8.845e-05
72.8006, 0.0025374, 0.135763, 0, 0, 0, 0, 0.138466, 2.0349e-05
72.8433, 0.00280354, 0.0395967, 0, 0, 0, 0, 0.0426508, 8.9919e-05
72.9021, 0.00224502, 0.0321914, 0, 0, 0, 0, 0.0347621, 9.112e-05
72.9611, 0.00228206, 0.0244107, 0, 0, 0, 0, 0.0270468, 8.579e-05
73.1703, 0.00386808, 0.165465, 0, 0, 0, 0, 0.169551, 2.31e-05
73.195, 0.00404922, 0.0203187, 0, 0, 0, 0, 0.0247079, 0.00010861
73.2678, 0.00385169, 0.0265307, 0, 0, 0, 0, 0.0307473, 9.3439e-05
73.3285, 0.00334054, 0.0211477, 0, 0, 0, 0, 0.0248597, 9.127e-05
73.4166, 0.00342829, 0.0425628, 0, 0, 0, 0, 0.0463133, 8.8098e-05
73.5408, 0.00338661, 0.100197, 0, 0, 0, 0, 0.103768, 1.848e-05
73.5827, 0.00403535, 0.0375277, 0, 0, 0, 0, 0.0418663, 9.734e-05
73.7218, 0.00462102, 0.134335, 0, 0, 0, 0, 0.139108, 2.043e-05
73.7729, 0.00335134, 0.0473818, 0, 0, 0, 0, 0.0510892, 9.7729e-05
73.8249, 0.00402878, 0.0319106, 0, 0, 0, 0, 0.036302, 9.882e-05
73.8998, 0.00440669, 0.0399062, 0, 0, 0, 0, 0.0446262, 9.63e-05
74.0322, 0.00389816, 0.106191, 0, 0, 0, 0, 0.110265, 1.862e-05
74.0746, 0.0037388, 0.0384069, 0, 0, 0, 0, 0.0424438, 0.000111268
74.1979, 0.00372265, 0.119354, 0, 0, 0, 0, 0.123239, 1.9659e-05
74.2356, 0.00313033, 0.0342908, 0, 0, 0, 0, 0.0376841, 0.00010291
74.3001, 0.00395804, 0.0311122, 0, 0, 0, 0, 0.0354094, 9.5979e-05
74.3737, 0.00329971, 0.0386513, 0, 0, 0, 0, 0.0423545, 0.000121089
74.4261, 0.00348752, 0.0242419, 0, 0, 0, 0, 0.0280709, 9.891e-05
74.4978, 0.0030291, 0.0297754, 0, 0, 0, 0, 0.0331493, 9.916e-05
74.5648, 0.00287719, 0.0301736, 0, 0, 0, 0, 0.0334645, 9.2718e-05
74.6217, 0.00251973, 0.020806, 0, 0, 0, 0, 0.0236537, 6.8799e-05
74.6914, 0.00331788, 0.0231367, 0, 0, 0, 0, 0.026769, 7.555e-05
74.7507, 0.00231713, 0.0167669, 0, 0, 0, 0, 0.0193978, 7.0899e-05
74.8227, 0.00211822, 0.0222786, 0, 0, 0, 0, 0.0247053, 7.628e-05
74.8886, 0.00255845, 0.0210957, 0, 0, 0, 0, 0.0239516, 7.561e-05
74.9454, 0.00258911, 0.0110557, 0, 0, 0, 0, 0.0140241, 9.861e-05
75.0508, 0.00209115, 0.0504314, 0, 0, 0, 0, 0.0528411, 8.023e-05
75.0913, 0.00218028, 0.0240802, 0, 0, 0, 0, 0.0266087, 8.476e-05
75.1755, 0.00193002, 0.0418563, 0, 0, 0, 0, 0.0441216, 8.147e-05
75.2368, 0.00199784, 0.0364302, 0, 0, 0, 0, 0.038816, 8.736e-05
75.3002, 0.00211161, 0.033145, 0, 0, 0, 0, 0.0355334, 7.293e-05
75.3648, 0.00399148, 0.0290676, 0, 0, 0, 0, 0.0334415, 0.00012014
75.4358, 0.00331334, 0.0341361, 0, 0, 0, 0, 0.037814, 0.00011128
75.4896, 0.00430819, 0.0202863, 0, 0, 0, 0, 0.0249647, 0.000103278
75.5593, 0.00396141, 0.0236293, 0, 0, 0, 0, 0.0279434, 9.7449e-05
75.6341, 0.00329001, 0.0324407, 0, 0, 0, 0, 0.0360828, 9.696e-05
75.6898, 0.00379513, 0.0209498, 0, 0, 0, 0, 0.02511, 0.000120999
75.7648, 0.00469486, 0.0283908, 0, 0, 0, 0, 0.0334281, 0.00010379
75.8272, 0.00340593, 0.025451, 0, 0, 0, 0, 0.0292201, 0.000103049
75.886, 0.00368261, 0.017333, 0, 0, 0, 0, 0.021364, 9.0829e-05
75.9532, 0.00392114, 0.0175346, 0, 0, 0, 0, 0.0218844, 0.000129439
76.0185, 0.00332786, 0.0169124, 0, 0, 0, 0, 0.0205509, 8.8289e-05
76.0881, 0.0030991, 0.0199375, 0, 0, 0, 0, 0.0233818, 9.5729e-05
76.1556, 0.00358044, 0.020339, 0, 0, 0, 0, 0.0242881, 0.000104089
76.2188, 0.00335862, 0.0170095, 0, 0, 0, 0, 0.0207485, 8.8089e-05
76.2874, 0.00323451, 0.0191844, 0, 0, 0, 0, 0.0227556, 8.7879e-05
76.3584, 0.00367094, 0.0229764, 0, 0, 0, 0, 0.0270298, 9.731e-05
76.4239, 0.00429949, 0.0212779, 0, 0, 0, 0, 0.0259004, 8.5769e-05
76.5022, 0.00354088, 0.0336812, 0, 0, 0, 0, 0.0375277, 8.5859e-05
76.5452, 0.00427208, 0.00905639, 0, 0, 0, 0, 0.0138294, 0.000203058
76.6252, 0.00337375, 0.0234417, 0, 0, 0, 0, 0.0271567, 8.298e-05
76.6845, 0.00297563, 0.0164424, 0, 0, 0, 0, 0.0197881, 0.000104939
76.7727, 0.00316627, 0.0378792, 0, 0, 0, 0, 0.0414373, 9.7969e-05
76.861, 0.00289517, 0.0597547, 0, 0, 0, 0, 0.0629679, 0.000102169
76.8925, 0.00292304, 0.0245911, 0, 0, 0, 0, 0.0278058, 7.882e-05
76.9698, 0.00389806, 0.0341298, 0, 0, 0, 0, 0.038384, 9.8169e-05
77.0274, 0.00259103, 0.0264614, 0, 0, 0, 0, 0.0293791, 7.602e-05
77.0947, 0.00318868, 0.0264638, 0, 0, 0, 0, 0.0299802, 7.482e-05
77.1397, 0.00284165, 0.0051887, 0, 0, 0, 0, 0.00836976, 0.00010189
77.2148, 0.0025492, 0.0138732, 0, 0, 0, 0, 0.016795, 8.64e-05
77.2739, 0.00275599, 0.00613119, 0, 0, 0, 0, 0.00925062, 9.452e-05
77.3516, 0.00327299, 0.0166366, 0, 0, 0, 0, 0.0202239, 7.68e-05
77.4046, 0.00246569, 0.00381782, 0, 0, 0, 0, 0.00657086, 5.728e-05
77.5167, 0.00241757, 0.0494446, 0, 0, 0, 0, 0.0520293, 1.752e-05
77.591, 0.00242417, 0.0571085, 0, 0, 0, 0, 0.0597146, 1.676e-05
77.6437, 0.00227792, 0.0432539, 0, 0, 0, 0, 0.0456855, 1.735e-05
77.7105, 0.00298319, 0.042671, 0, 0, 0, 0, 0.0458261, 2.2839e-05
77.7526, 0.00236325, 0.0184549, 0, 0, 0, 0, 0.0211542, 7.8049e-05
77.8395, 0.00234029, 0.0389551, 0, 0, 0, 0, 0.0414703, 1.722e-05
77.8729, 0.00242317, 0.0054685, 0, 0, 0, 0, 0.00822415, 6.56e-05
77.9469, 0.00247938, 0.0127438, 0, 0, 0, 0, 0.0155561, 8.014e-05
78.0134, 0.00240371, 0.0126485, 0, 0, 0, 0, 0.015369, 5.519e-05
78.0721, 0.00235514, 0.00470363, 0, 0, 0, 0, 0.00745921, 8.1979e-05
78.1474, 0.00241022, 0.0133152, 0, 0, 0, 0, 0.0160582, 6.768e-05
78.2128, 0.00209845, 0.0124291, 0, 0, 0, 0, 0.0148082, 5.6719e-05
78.2733, 0.00259812, 0.00560616, 0, 0, 0, 0, 0.00861552, 5.3799e-05
78.3393, 0.00238209, 0.00522514, 0, 0, 0, 0, 0.00800456, 0.00010522
78.4055, 0.00226739, 0.00487388, 0, 0, 0, 0, 0.00744443, 5.386e-05
78.4721, 0.00209618, 0.00506524, 0, 0, 0, 0, 0.00742772, 5.4729e-05
78.5391, 0.00217334, 0.00527984, 0, 0, 0, 0, 0.00778127, 4.532e-05
78.6068, 0.00212195, 0.00648785, 0, 0, 0, 0, 0.00881735, 2.602e-05
78.6726, 0.002194, 0.00552707, 0, 0, 0, 0, 0.00793776, 2.563e-05
78.7396, 0.00217021, 0.00577112, 0, 0, 0, 0, 0.00822833, 5.719e-05
78.8063, 0.00214197, 0.00584556, 0, 0, 0, 0, 0.0082704, 4.478e-05
78.8725, 0.00208441, 0.00558523, 0, 0, 0, 0, 0.00785445, 2.578e-05
78.9412, 0.00206409, 0.00758668, 0, 0, 0, 0, 0.00989488, 3.261e-05
79.0058, 0.00205441, 0.00540587, 0, 0, 0, 0, 0.00775107, 5.195e-05
79.3395, 0.00217482, 0.00534955, 0, 0, 0, 0, 0.00818308, 0.000329188
82.6061, 0.0022343, 0.00551906, 0, 0, 0, 0, 0.00806429, 6.03e-05
85.8756, 0.0022597, 0.00838638, 0, 0, 0, 0, 0.0109673, 5.011e-05
89.1422, 0.00212593, 0.00834551, 0, 0, 0, 0, 0.0108299, 5.092e-05
4, 0.000567767, 0.00156579, 0.000870995, 0.0043559, 0.00526997, 0.00708334, 0.000226069
68.3399, 0.000879575, 0.00230718, 0.00324804, 0.000744086, 0.00230366, 0.00308139, 0.00655131, 0.000213659
68.4728, 0.000935394, 0.00115586, 0.00215285, 0.000755835, 0.0029997, 0.00379249, 0.00616514, 0.000239669
68.5381, 0.000875505, 0.000492127, 0.00142694, 0.000735696, 0.00234389, 0.00311335, 0.00476048, 0.000247359
68.6728, 0.000904814, 0.000547697, 0.00150631, 0.000837284, 0.00360669, 0.00447763, 0.00619414, 0.000204039
68.7394, 0.0011933, 0.000671506, 0.00192248, 0.000698375, 0.00324927, 0.00398086, 0.00609217, 0.00020618
68.8083, 0.000818795, 0.00224996, 0.00312865, 0.000683966, 0.00428166, 0.00499644, 0.00834488, 0.000207509
68.874, 0.000814595, 0.000617136, 0.00149234, 0.000717825, 0.00486626, 0.00562145, 0.00733947, 0.00022233
68.939, 0.000817355, 0.00150684, 0.00237618, 0.000613486, 0.0024388, 0.00307835, 0.00565918, 0.000203429
69.077, 0.00118127, 0.00365732, 0.00490071, 0.000633166, 0.00447896, 0.00514585, 0.0103069, 0.000222329
69.1389, 0.000882875, 0.00191919, 0.00285656, 0.000546637, 0.00203071, 0.00260949, 0.00566129, 0.000211179
69.2744, 0.00111376, 0.00220819, 0.00338448, 0.000571666, 0.00352397, 0.00412491, 0.00770708, 0.000264489
69.3393, 0.000907764, 0.0022912, 0.00326712, 0.000558076, 0.00195223, 0.00253921, 0.0059955, 0.000215627
69.4083, 0.00147395, 0.00272209, 0.00425994, 0.000579026, 0.00321295, 0.00383129, 0.00838324, 0.000277149
69.4734, 0.0010565, 0.00272011, 0.00383647, 0.000564677, 0.00202243, 0.00262622, 0.0066953, 0.000237859
69.5434, 0.00111364, 0.00330443, 0.00448096, 0.000535486, 0.00475553, 0.00533015, 0.0100443, 0.000229307
69.6106, 0.00111666, 0.00235888, 0.00353805, 0.000584417, 0.00619163, 0.00681236, 0.0105919, 0.000244008
69.6758, 0.00163353, 0.00418389, 0.00590738, 0.000862855, 0.00213046, 0.00302718, 0.00915166, 0.000290037
69.7409, 0.00115705, 0.00293146, 0.00415518, 0.000555057, 0.00264116, 0.00322537, 0.00759085, 0.00023177
69.8144, 0.0010248, 0.0101034, 0.0112109, 0.000558867, 0.00237777, 0.00296606, 0.0144014, 0.000269609
69.8759, 0.00101861, 0.00341706, 0.0045171, 0.000727696, 0.0038092, 0.00457265, 0.00928661, 0.000231069
69.9434, 0.00107898, 0.00401164, 0.0051572, 0.000539106, 0.00417674, 0.0047469, 0.0101137, 0.000249549
70.0741, 0.00138094, 0.00292296, 0.00438209, 0.000626086, 0.00219735, 0.00285702, 0.00745353, 0.000266069
70.1396, 0.00103364, 0.00187583, 0.0029685, 0.000534597, 0.00251955, 0.00308758, 0.00625096, 0.000220459
70.2084, 0.00132567, 0.00228843, 0.00369032, 0.000793965, 0.00357702, 0.00441478, 0.00837555, 0.000276889
70.2729, 0.000943264, 0.00149107, 0.00249918, 0.000692536, 0.00281626, 0.00354661, 0.00626696, 0.000226968
70.3409, 0.000934085, 0.00175922, 0.0027547, 0.000531017, 0.00405854, 0.00462258, 0.00760873, 0.000225188
70.4069, 0.000961674, 0.00221223, 0.00323669, 0.000586127, 0.00281553, 0.00343694, 0.00690222, 0.000228467
70.4725, 0.0010882, 0.0015019, 0.00265572, 0.000575956, 0.00235235, 0.00296014, 0.00582968, 0.000248557
70.5425, 0.000873784, 0.00450578, 0.00544822, 0.000595396, 0.00286114, 0.0034888, 0.00916721, 0.000241407
70.6062, 0.000892144, 0.00133515, 0.00229117, 0.000546577, 0.00305776, 0.00363784, 0.00615801, 0.000224869
70.6743, 0.00125522, 0.00236136, 0.00368404, 0.000585967, 0.00310888, 0.00372828, 0.00763391, 0.000268568
70.7449, 0.00121717, 0.00555957, 0.00685712, 0.000630187, 0.00380666, 0.00447515, 0.0115751, 0.000279218
70.8071, 0.000897685, 0.00246374, 0.00345765, 0.000640086, 0.0027174, 0.00339439, 0.00709838, 0.000269748
70.8771, 0.000822165, 0.00251793, 0.00340375, 0.000514306, 0.00624195, 0.00679963, 0.0104105, 0.000250387
70.9397, 0.000828255, 0.00218418, 0.00307199, 0.000432327, 0.00264439, 0.00310362, 0.0063676, 0.00019328
71.0081, 0.000851974, 0.00238253, 0.00329215, 0.000502047, 0.00410672, 0.00464802, 0.00816, 0.000235598
71.0745, 0.000787666, 0.0027983, 0.0036535, 0.000489357, 0.00345733, 0.00397938, 0.00784629, 0.00020389
71.1404, 0.000854484, 0.00270259, 0.00362443, 0.000459797, 0.0027585, 0.00324927, 0.0070858, 0.000207517
71.2736, 0.000784285, 0.00314311, 0.00399247, 0.000493767, 0.00226158, 0.00277853, 0.00697383, 0.000203798
71.3395, 0.00107252, 0.00224247, 0.00337784, 0.000469317, 0.00205112, 0.00255013, 0.00613375, 0.000229809
71.4738, 0.000851924, 0.00302285, 0.00393243, 0.000444747, 0.0025591, 0.00303004, 0.00716475, 0.000188597
71.5421, 0.000950004, 0.00414431, 0.00517274, 0.000505457, 0.00244062, 0.00327654, 0.00873587, 0.000607498
71.6084, 0.00167593, 0.0034505, 0.0051924, 0.000507836, 0.00247787, 0.00301524, 0.00847798, 0.000302147
71.6777, 0.00130298, 0.00590015, 0.00728526, 0.000486197, 0.0029692, 0.00349006, 0.0110015, 0.000265258
71.7411, 0.000877645, 0.00484304, 0.00578885, 0.000522917, 0.00125145, 0.00180651, 0.00781271, 0.000230127
71.8739, 0.00106185, 0.00206339, 0.00318335, 0.000557716, 0.00332747, 0.00391146, 0.00729494, 0.000199008
71.9457, 0.00146501, 0.00748393, 0.00901776, 0.000623076, 0.00252379, 0.00317583, 0.0123916, 0.000228828
72.0068, 0.00122324, 0.00286567, 0.00415367, 0.000528136, 0.0018975, 0.00245054, 0.00681293, 0.000212507
72.076, 0.00131925, 0.00230562, 0.00368501, 0.000612357, 0.00475779, 0.00540792, 0.00932617, 0.000226888
72.1446, 0.00110081, 0.00260704, 0.00375784, 0.000596726, 0.0066737, 0.00731328, 0.0112763, 0.000223439
72.2758, 0.00135175, 0.00293703, 0.00435385, 0.000625086, 0.00392043, 0.00458732, 0.00917039, 0.000241957
72.3444, 0.00156324, 0.00472194, 0.00635684, 0.000662176, 0.0038328, 0.00452757, 0.011117, 0.000258898
72.4742, 0.00131745, 0.00123297, 0.00260281, 0.000619226, 0.00405523, 0.00471424, 0.00755863, 0.000225197
72.5437, 0.00113187, 0.003027, 0.00422284, 0.000651916, 0.00525673, 0.00593834, 0.0103448, 0.000245709
72.6727, 0.00111651, 0.00103808, 0.00222615, 0.000621226, 0.00291278, 0.003572, 0.00602599, 0.000255959
72.7404, 0.00118042, 0.00145881, 0.00269883, 0.000544886, 0.00349175, 0.00407012, 0.0070232, 0.00025124
72.874, 0.00101706, 0.00186424, 0.00293838, 0.000779265, 0.00336435, 0.00418495, 0.00736079, 0.000244416
72.94, 0.0011285, 0.00308819, 0.00427971, 0.000545227, 0.00159475, 0.00217106, 0.00668324, 0.000266139
73.0739, 0.000877364, 0.00336313, 0.00431441, 0.000739725, 0.00189481, 0.00266031, 0.00720013, 0.000217768
73.1387, 0.000929735, 0.00183123, 0.00282216, 0.000569756, 0.001727, 0.00232366, 0.0053869, 0.00022294
73.2792, 0.000842994, 0.00870475, 0.00961762, 0.000638685, 0.0020012, 0.00267154, 0.0125468, 0.000258388
73.3418, 0.000759236, 0.00264939, 0.00347675, 0.000612426, 0.00408887, 0.00474115, 0.00845738, 0.00021982
73.4725, 0.000814905, 0.00210069, 0.00297766, 0.000634357, 0.00201917, 0.00267682, 0.00586114, 0.00019449
73.5393, 0.00105824, 0.00239851, 0.00352317, 0.000506707, 0.00172888, 0.00226419, 0.00600647, 0.000217619
73.6738, 0.00124333, 0.0025022, 0.00381708, 0.000569477, 0.00247205, 0.00308509, 0.00711644, 0.000257808
73.74, 0.000774385, 0.00319764, 0.0040278, 0.000484637, 0.00191958, 0.00243304, 0.00665933, 0.000183959
73.8079, 0.00126509, 0.00245534, 0.0037892, 0.000502847, 0.00323243, 0.00377975, 0.00791188, 0.000285759
73.8733, 0.00116141, 0.00225844, 0.00347876, 0.000532996, 0.0023655, 0.00292675, 0.00661611, 0.000222498
73.9419, 0.00100567, 0.00196153, 0.00302464, 0.000518956, 0.00479937, 0.00534827, 0.0085765, 0.000202499
74.0731, 0.00162676, 0.00171864, 0.00340544, 0.000559136, 0.00220871, 0.00279837, 0.00641437, 0.000219888
74.144, 0.00129437, 0.0062716, 0.00764947, 0.000536126, 0.00222814, 0.00280305, 0.0107042, 0.000259819
74.2092, 0.00154148, 0.00446226, 0.0060861, 0.000577357, 0.00227109, 0.00288895, 0.00922143, 0.000313589
74.275, 0.00115405, 0.00474659, 0.00597444, 0.000562757, 0.00156545, 0.00216007, 0.00835091, 0.000231299
74.3399, 0.00106246, 0.00316524, 0.00429992, 0.000608586, 0.00141404, 0.00204417, 0.00655868, 0.000252139
74.4764, 0.00117345, 0.00263157, 0.00387809, 0.000678665, 0.00494957, 0.00566055, 0.00975984, 0.000234267
74.5429, 0.000971594, 0.0016998, 0.00274536, 0.000932495, 0.00561796, 0.00658397, 0.0095583, 0.000297986
74.6769, 0.00136983, 0.00571026, 0.007162, 0.000896414, 0.00185887, 0.00278648, 0.0102219, 0.000299698
74.7431, 0.00165089, 0.00112857, 0.00284907, 0.000582597, 0.00613103, 0.00674827, 0.00981858, 0.000249189
74.8762, 0.000981334, 0.00215311, 0.00320633, 0.000527337, 0.00558006, 0.00615427, 0.00958227, 0.000265549
74.9394, 0.00109822, 0.00105034, 0.0022181, 0.00129656, 0.00229422, 0.00363227, 0.00605497, 0.000279669
75.0722, 0.00107002, 0.00244807, 0.00358674, 0.000380298, 0.00133478, 0.00173867, 0.00553136, 0.000242509
75.1445, 0.00105697, 0.00518284, 0.00631255, 0.000306748, 0.00432224, 0.00465509, 0.0111639, 0.000258529
75.2738, 0.000977664, 0.00301825, 0.0040715, 0.000291568, 0.00248263, 0.00280963, 0.00710374, 0.00023625
75.3519, 0.00113642, 0.00453665, 0.00575508, 0.000453887, 0.012065, 0.012555, 0.018575, 0.00028032
75.4135, 0.00152531, 0.0031586, 0.0047684, 0.000386597, 0.0080144, 0.00843524, 0.0134524, 0.000313008
75.4737, 0.00134319, 0.000704836, 0.00211479, 0.000408708, 0.00427755, 0.00471635, 0.00705063, 0.000278748
75.5391, 0.00149515, 0.00123684, 0.00279204, 0.000350088, 0.00242692, 0.00282064, 0.00572894, 0.000219478
75.6803, 0.00133781, 0.00333849, 0.00474974, 0.000345838, 0.00827298, 0.00865846, 0.013639, 0.00027806
75.742, 0.00169028, 0.00143258, 0.00319198, 0.000717845, 0.00451778, 0.00526849, 0.00865441, 0.000273418
75.8762, 0.00198588, 0.00285442, 0.00490958, 0.000673456, 0.0036909, 0.00439365, 0.00954536, 0.000275828
75.9423, 0.00151544, 0.00233754, 0.00392999, 0.000731425, 0.00408846, 0.00485436, 0.00899738, 0.000285318
76.0794, 0.00148825, 0.0034665, 0.00503037, 0.000848444, 0.00653528, 0.00742424, 0.0126828, 0.000314368
76.1418, 0.00164513, 0.00158009, 0.00329155, 0.000774915, 0.00405829, 0.00487254, 0.00841801, 0.000273159
76.2099, 0.00197915, 0.00353907, 0.00559839, 0.000561237, 0.00348713, 0.00408505, 0.00993371, 0.000361737
76.2735, 0.00122925, 0.000734436, 0.00203012, 0.000576236, 0.00393305, 0.00454128, 0.00678298, 0.000282857
76.3405, 0.00106942, 0.0029, 0.00403115, 0.000502687, 0.00247117, 0.00299828, 0.00720099, 0.00025124
76.4721, 0.00108067, 0.000544207, 0.00167506, 0.000520787, 0.00302912, 0.00358114, 0.00543947, 0.000227158
76.5381, 0.00154586, 0.000848435, 0.00245545, 0.000696816, 0.00142568, 0.0021532, 0.00479083, 0.000273897
76.6797, 0.00124741, 0.000678376, 0.00197815, 0.000453188, 0.010318, 0.0108253, 0.0130418, 0.000252228
76.7415, 0.0014182, 0.00170832, 0.00318404, 0.000525186, 0.00419646, 0.00477763, 0.00817925, 0.000244158
76.8768, 0.00104477, 0.00147192, 0.00257453, 0.000466977, 0.0067893, 0.00730601, 0.0101406, 0.000255876
76.9418, 0.000965454, 0.00305851, 0.00408234, 0.000389597, 0.00381621, 0.00424653, 0.0085309, 0.000222449
77.0741, 0.000906895, 0.00402465, 0.00500115, 0.000672746, 0.00146843, 0.00217019, 0.00738537, 0.00023943
77.1382, 0.000946875, 0.00153222, 0.00253946, 0.000279108, 0.00181993, 0.00212668, 0.00485308, 0.000208759
77.2745, 0.00106267, 0.000423627, 0.001555, 0.000832985, 0.00512866, 0.00599801, 0.00780965, 0.000244798
77.3407, 0.00112417, 0.00131715, 0.00252317, 0.000772945, 0.00386359, 0.00466547, 0.00742207, 0.000272416
77.4783, 0.000754486, 0.000668226, 0.00149094, 0.000683636, 0.00922611, 0.00994961, 0.0116562, 0.000238019
77.5807, 0.000626946, 0.000316029, 0.00100412, 0.000609306, 0.0454515, 0.04616, 0.0473331, 0.000158088
77.6715, 0.000659096, 0.000237408, 0.000943954, 0.000543627, 0.00316207, 0.00373082, 0.00487153, 0.000181019
77.7533, 0.000537717, 0.000514327, 0.00110933, 0.000573936, 0.0180501, 0.0186534, 0.0199626, 0.000183158
77.8016, 0.000559936, 0.000283388, 0.000893054, 0, 0, 0.000573997, 0.00165848, 0.000171118
77.8686, 0.000586917, 0.000615766, 0.00125616, 0, 0, 0.000510356, 0.00195465, 0.000163139
77.9348, 0.000501917, 0.000253888, 0.000806665, 0, 0, 0.000518296, 0.00152804, 0.000188039
78.0683, 0.000415678, 0.000648456, 0.00111419, 0, 0, 0.000410317, 0.00167438, 0.0001424
78.1346, 0.000371998, 0.000287268, 0.000701506, 0, 0, 0.000331948, 0.00122103, 0.00012714
78.2681, 0.000488557, 0.000356928, 0.000896484, 0, 0, 0.000386908, 0.00148673, 0.00017262
78.3344, 0.000349698, 0.000276958, 0.000669196, 0, 0, 0.000253298, 0.00110391, 0.00013719
78.4011, 0.000278408, 0.000397087, 0.000720895, 0, 0, 0.000215279, 0.0011436, 0.000128179
78.4678, 0.000297738, 0.000329098, 0.000673346, 0, 0, 0.000261558, 0.00111572, 0.0001671
78.5343, 0.000240598, 0.000343268, 0.000621106, 0, 0, 0.000165489, 0.000946854, 0.000116439
78.6009, 0.000234868, 0.000363988, 0.000637946, 0, 0, 0.000155449, 0.000936794, 0.00011134
78.6678, 0.000311078, 0.000383968, 0.000747586, 0, 0, 0.000215329, 0.00115171, 0.000168169
78.7339, 0.000177909, 0.000111049, 0.000327348, 0, 0, 0.000124289, 0.000593637, 0.00010541
78.867, 0, 0, 1.222e-05, 0, 0, 0.000150379, 0.000324748, 8.364e-05
78.9336, 0, 0, 1.038e-05, 0, 0, 0.000145589, 0.000301208, 7.062e-05
79.0669, 0, 0, 1.189e-05, 0, 0, 0.00011859, 0.000297628, 8.2648e-05
79.1336, 0, 0, 9.28e-06, 0, 0, 0.00012016, 0.000275158, 7.8948e-05
79.2004, 0, 0, 1.426e-05, 0, 0, 0.000136899, 0.000409718, 0.000112629
79.267, 0, 0, 1.111e-05, 0, 0, 0.000134829, 0.000325198, 8.655e-05
79.3336, 0, 0, 8.689e-06, 0, 0, 0.00011009, 0.000283378, 9.076e-05
79.4669, 0, 0, 1.005e-05, 0, 0, 5.8379e-05, 0.000241859, 3.268e-05
79.5336, 0, 0, 9.35e-06, 0, 0, 6.195e-05, 0.000230819, 3.627e-05
79.6669, 0, 0, 8.72e-06, 0, 0, 7.321e-05, 0.000235828, 3.9609e-05
79.7335, 0, 0, 5.15e-06, 0, 0, 5.661e-05, 0.000210868, 3.306e-05
